Fold,AOI,R2_Erosion,Err_Erosion_%,R2_Deposition,Err_Deposition_%
2,131,-2.2112259215436736,-74.33266639709473,-13.285513545648513,-88.00813555717468
2,13,-0.8647818927151949,-39.066386222839355,-0.1376810595406257,-51.09109282493591
2,144,-1.2820569286360257,-38.96734416484833,-3.87244017636072,-23.876512050628662
2,165,0.15538149832087655,-30.083641409873962,-1.4605887519816263,-74.73919987678528
2,16,-2.2303410982762535,-70.3558623790741,-1.561060315572281,-54.88806366920471
2,30,-1.1015491700141435,-88.95108103752136,-2.8904389152260297,-87.50338554382324
2,35,-0.043797835866371315,-75.90417265892029,-22.12312466391966,-126.4856219291687
2,53,-2.6636692772109907,-74.93113875389099,-3.1040627502777784,-83.5403323173523
2,75,-3.055404057603824,-64.32833671569824,-1.092542150081527,-57.47564435005188
2,86,-1.743032124161982,-4.940696805715561,-5.835541374358251,-100.66566467285156
2,91,-0.9966180403499281,-65.18973112106323,-1.1672852905880902,-64.47958946228027
2,92,-4.666430994814488,-79.61587309837341,-0.9401304103087631,-28.725486993789673
