Fold,AOI,R2_Erosion,Err_Erosion_%,R2_Deposition,Err_Deposition_%
3,146,-0.4796329465153788,-91.53391122817993,-14.793857516247428,-109.07196998596191
3,149,-0.06514713923536375,-14.735789597034454,-0.9740753160870907,-78.80625128746033
3,160,-2.029488967220065,-64.03535008430481,-10.356434163643307,-63.838034868240356
3,164,-0.812603913923184,-57.9841673374176,-1.8724910438392204,-89.51467871665955
3,194,-1.1273283618461147,-84.87435579299927,-5.2768321476089195,-87.7021074295044
3,201,-0.5360794504045312,-65.80487489700317,-1.3202609922071749,-94.34313774108887
3,202,-1.3754001280552655,-90.53800702095032,-0.9673559990032672,-98.84953498840332
3,36,-2.3099198428131156,-86.27911806106567,-1.3556622563314993,-75.97031593322754
3,38,-0.423626082437939,-51.69090032577515,-13.622847262968627,-91.51020646095276
3,65,0.4503803808096247,-13.920661807060242,-2.670804352064338,-78.85244488716125
3,89,-1.7453099583604264,-91.55552983283997,-2.012366940729685,-90.42919874191284
3,97,-4.138904161695392,-95.11418342590332,-1.8748232227007477,-76.65026783943176
