Fold,AOI,R2_Erosion,Err_Erosion_%,R2_Deposition,Err_Deposition_%
4,10,-0.11040627044376228,-4.602091014385223,-2.235653849256738,-105.13522624969482
4,115,-0.07462793963563219,-49.43787157535553,-0.3177962665675256,-73.55863451957703
4,185,-5.107500092342786,4.598155245184898,-28.55496701756449,105.82693815231323
4,190,-0.9869497002738365,-69.81610059738159,-0.37732310012860926,-26.72628164291382
4,24,-0.7808694814826997,-68.84499788284302,-3.495295630695419,-92.52756834030151
4,48,-5.176094539950802,-70.19125819206238,-6.715717514753765,-147.1912145614624
4,54,-1.9341224309186038,-63.18210959434509,-0.021949538379580247,-18.622490763664246
4,57,-0.2493884871665819,-16.579797863960266,-7.200293358603757,-113.08071613311768
4,58,-4.700363204483233,-93.99139881134033,-63.638058796186115,-83.90387296676636
4,6,-1.2237773724835148,5.43571263551712,-0.7699973458642764,-61.04200482368469
4,79,-2.4983595646274774,-27.665647864341736,-12.932853413332559,-89.58942294120789
4,81,-1.7689859919184552,-77.07560062408447,-11.726392104702692,-71.45190834999084
